Baselines,Avg MSE,Stderr,Std MSE,Stderr Std
indiv_greedy,7.270185428497956,0.19832969908505096,2.8688988626094547,0.08024325242313031
