Baselines,Avg MSE,Stderr,Std MSE,Stderr Std
greedy_1,4.705598775356489,0.32036189615877536,1.1865528907733787,0.2927444824678321
greedy_2,5.129803934746867,0.12131539611078711,0.8479478821943061,0.24283621068104588
greedy_3,5.044784364656202,0.22720644405074908,1.0579981533529792,0.2649767713376414
greedy_4,4.846083403473017,0.3485567388962662,1.0842930218200286,0.2796683514878926
greedysum,4.797127756424031,0.3034432962447015,1.220766181675684,0.3091646079461491
dynamic_beta,5.040650094264116,0.13467000456903475,0.8959512347402725,0.20960842430272114
rand,4.580954186230931,0.3589084155486305,1.3935533448945048,0.20292116074059297
entropy,5.009631525921211,0.15308635982354882,0.9855733635152913,0.29139152746020863
joint,4.4381009767058694,0.41493333038585084,1.3378126830562216,0.23462500045195572
